Date,Day,Month,Year,Is_Trading_Day,Market_Open,Market_Close,Status,Description
1/1/2025,Wednesday,January,2025,TRUE,9:15:00,15:30:00,TRADING,
1/2/2025,Thursday,January,2025,TRUE,9:15:00,15:30:00,TRADING,
1/3/2025,Friday,January,2025,TRUE,9:15:00,15:30:00,TRADING,
1/4/2025,Saturday,January,2025,FALSE,CLOSED,CLOSED,CLOSED,Weekend
1/5/2025,Sunday,January,2025,FALSE,CLOSED,CLOSED,CLOSED,Weekend
1/6/2025,Monday,January,2025,TRUE,9:15:00,15:30:00,TRADING,
1/7/2025,Tuesday,January,2025,TRUE,9:15:00,15:30:00,TRADING,
1/8/2025,Wednesday,January,2025,TRUE,9:15:00,15:30:00,TRADING,
1/9/2025,Thursday,January,2025,TRUE,9:15:00,15:30:00,TRADING,
1/10/2025,Friday,January,2025,TRUE,9:15:00,15:30:00,TRADING,
1/11/2025,Saturday,January,2025,FALSE,CLOSED,CLOSED,CLOSED,Weekend
1/12/2025,Sunday,January,2025,FALSE,CLOSED,CLOSED,CLOSED,Weekend
1/13/2025,Monday,January,2025,TRUE,9:15:00,15:30:00,TRADING,
1/14/2025,Tuesday,January,2025,TRUE,9:15:00,15:30:00,TRADING,
1/15/2025,Wednesday,January,2025,TRUE,9:15:00,15:30:00,TRADING,
1/16/2025,Thursday,January,2025,TRUE,9:15:00,15:30:00,TRADING,
1/17/2025,Friday,January,2025,TRUE,9:15:00,15:30:00,TRADING,
1/18/2025,Saturday,January,2025,FALSE,CLOSED,CLOSED,CLOSED,Weekend
1/19/2025,Sunday,January,2025,FALSE,CLOSED,CLOSED,CLOSED,Weekend
1/20/2025,Monday,January,2025,TRUE,9:15:00,15:30:00,TRADING,
1/21/2025,Tuesday,January,2025,TRUE,9:15:00,15:30:00,TRADING,
1/22/2025,Wednesday,January,2025,TRUE,9:15:00,15:30:00,TRADING,
1/23/2025,Thursday,January,2025,TRUE,9:15:00,15:30:00,TRADING,
1/24/2025,Friday,January,2025,TRUE,9:15:00,15:30:00,TRADING,
1/25/2025,Saturday,January,2025,FALSE,CLOSED,CLOSED,CLOSED,Weekend
1/26/2025,Sunday,January,2025,FALSE,CLOSED,CLOSED,CLOSED,Weekend
1/27/2025,Monday,January,2025,TRUE,9:15:00,15:30:00,TRADING,
1/28/2025,Tuesday,January,2025,TRUE,9:15:00,15:30:00,TRADING,
1/29/2025,Wednesday,January,2025,TRUE,9:15:00,15:30:00,TRADING,
1/30/2025,Thursday,January,2025,TRUE,9:15:00,15:30:00,TRADING,
1/31/2025,Friday,January,2025,TRUE,9:15:00,15:30:00,TRADING,
2/1/2025,Saturday,February,2025,FALSE,CLOSED,CLOSED,CLOSED,Weekend
2/2/2025,Sunday,February,2025,FALSE,CLOSED,CLOSED,CLOSED,Weekend
2/3/2025,Monday,February,2025,TRUE,9:15:00,15:30:00,TRADING,
2/4/2025,Tuesday,February,2025,TRUE,9:15:00,15:30:00,TRADING,
2/5/2025,Wednesday,February,2025,TRUE,9:15:00,15:30:00,TRADING,
2/6/2025,Thursday,February,2025,TRUE,9:15:00,15:30:00,TRADING,
2/7/2025,Friday,February,2025,TRUE,9:15:00,15:30:00,TRADING,
2/8/2025,Saturday,February,2025,FALSE,CLOSED,CLOSED,CLOSED,Weekend
2/9/2025,Sunday,February,2025,FALSE,CLOSED,CLOSED,CLOSED,Weekend
2/10/2025,Monday,February,2025,TRUE,9:15:00,15:30:00,TRADING,
2/11/2025,Tuesday,February,2025,TRUE,9:15:00,15:30:00,TRADING,
2/12/2025,Wednesday,February,2025,TRUE,9:15:00,15:30:00,TRADING,
2/13/2025,Thursday,February,2025,TRUE,9:15:00,15:30:00,TRADING,
2/14/2025,Friday,February,2025,TRUE,9:15:00,15:30:00,TRADING,
2/15/2025,Saturday,February,2025,FALSE,CLOSED,CLOSED,CLOSED,Weekend
2/16/2025,Sunday,February,2025,FALSE,CLOSED,CLOSED,CLOSED,Weekend
2/17/2025,Monday,February,2025,TRUE,9:15:00,15:30:00,TRADING,
2/18/2025,Tuesday,February,2025,TRUE,9:15:00,15:30:00,TRADING,
2/19/2025,Wednesday,February,2025,TRUE,9:15:00,15:30:00,TRADING,
2/20/2025,Thursday,February,2025,TRUE,9:15:00,15:30:00,TRADING,
2/21/2025,Friday,February,2025,TRUE,9:15:00,15:30:00,TRADING,
2/22/2025,Saturday,February,2025,FALSE,CLOSED,CLOSED,CLOSED,Weekend
2/23/2025,Sunday,February,2025,FALSE,CLOSED,CLOSED,CLOSED,Weekend
2/24/2025,Monday,February,2025,TRUE,9:15:00,15:30:00,TRADING,
2/25/2025,Tuesday,February,2025,TRUE,9:15:00,15:30:00,TRADING,
2/26/2025,Wednesday,February,2025,FALSE,CLOSED,CLOSED,CLOSED,Mahashivratri
2/27/2025,Thursday,February,2025,TRUE,9:15:00,15:30:00,TRADING,
2/28/2025,Friday,February,2025,TRUE,9:15:00,15:30:00,TRADING,
3/1/2025,Saturday,March,2025,FALSE,CLOSED,CLOSED,CLOSED,Weekend
3/2/2025,Sunday,March,2025,FALSE,CLOSED,CLOSED,CLOSED,Weekend
3/3/2025,Monday,March,2025,TRUE,9:15:00,15:30:00,TRADING,
3/4/2025,Tuesday,March,2025,TRUE,9:15:00,15:30:00,TRADING,
3/5/2025,Wednesday,March,2025,TRUE,9:15:00,15:30:00,TRADING,
3/6/2025,Thursday,March,2025,TRUE,9:15:00,15:30:00,TRADING,
3/7/2025,Friday,March,2025,TRUE,9:15:00,15:30:00,TRADING,
3/8/2025,Saturday,March,2025,FALSE,CLOSED,CLOSED,CLOSED,Weekend
3/9/2025,Sunday,March,2025,FALSE,CLOSED,CLOSED,CLOSED,Weekend
3/10/2025,Monday,March,2025,TRUE,9:15:00,15:30:00,TRADING,
3/11/2025,Tuesday,March,2025,TRUE,9:15:00,15:30:00,TRADING,
3/12/2025,Wednesday,March,2025,TRUE,9:15:00,15:30:00,TRADING,
3/13/2025,Thursday,March,2025,TRUE,9:15:00,15:30:00,TRADING,
3/14/2025,Friday,March,2025,FALSE,CLOSED,CLOSED,CLOSED,Holi
3/15/2025,Saturday,March,2025,FALSE,CLOSED,CLOSED,CLOSED,Weekend
3/16/2025,Sunday,March,2025,FALSE,CLOSED,CLOSED,CLOSED,Weekend
3/17/2025,Monday,March,2025,TRUE,9:15:00,15:30:00,TRADING,
3/18/2025,Tuesday,March,2025,TRUE,9:15:00,15:30:00,TRADING,
3/19/2025,Wednesday,March,2025,TRUE,9:15:00,15:30:00,TRADING,
3/20/2025,Thursday,March,2025,TRUE,9:15:00,15:30:00,TRADING,
3/21/2025,Friday,March,2025,TRUE,9:15:00,15:30:00,TRADING,
3/22/2025,Saturday,March,2025,FALSE,CLOSED,CLOSED,CLOSED,Weekend
3/23/2025,Sunday,March,2025,FALSE,CLOSED,CLOSED,CLOSED,Weekend
3/24/2025,Monday,March,2025,TRUE,9:15:00,15:30:00,TRADING,
3/25/2025,Tuesday,March,2025,TRUE,9:15:00,15:30:00,TRADING,
3/26/2025,Wednesday,March,2025,TRUE,9:15:00,15:30:00,TRADING,
3/27/2025,Thursday,March,2025,TRUE,9:15:00,15:30:00,TRADING,
3/28/2025,Friday,March,2025,TRUE,9:15:00,15:30:00,TRADING,
3/29/2025,Saturday,March,2025,FALSE,CLOSED,CLOSED,CLOSED,Weekend
3/30/2025,Sunday,March,2025,FALSE,CLOSED,CLOSED,CLOSED,Weekend
3/31/2025,Monday,March,2025,FALSE,CLOSED,CLOSED,CLOSED,Id-Ul-Fitr (Ramadan Eid)
4/1/2025,Tuesday,April,2025,TRUE,9:15:00,15:30:00,TRADING,
4/2/2025,Wednesday,April,2025,TRUE,9:15:00,15:30:00,TRADING,
4/3/2025,Thursday,April,2025,TRUE,9:15:00,15:30:00,TRADING,
4/4/2025,Friday,April,2025,TRUE,9:15:00,15:30:00,TRADING,
4/5/2025,Saturday,April,2025,FALSE,CLOSED,CLOSED,CLOSED,Weekend
4/6/2025,Sunday,April,2025,FALSE,CLOSED,CLOSED,CLOSED,Weekend
4/7/2025,Monday,April,2025,TRUE,9:15:00,15:30:00,TRADING,
4/8/2025,Tuesday,April,2025,TRUE,9:15:00,15:30:00,TRADING,
4/9/2025,Wednesday,April,2025,TRUE,9:15:00,15:30:00,TRADING,
4/10/2025,Thursday,April,2025,FALSE,CLOSED,CLOSED,CLOSED,Shri Mahavir Jayanti
4/11/2025,Friday,April,2025,TRUE,9:15:00,15:30:00,TRADING,
4/12/2025,Saturday,April,2025,FALSE,CLOSED,CLOSED,CLOSED,Weekend
4/13/2025,Sunday,April,2025,FALSE,CLOSED,CLOSED,CLOSED,Weekend
4/14/2025,Monday,April,2025,FALSE,CLOSED,CLOSED,CLOSED,Dr. Baba Saheb Ambedkar Jayanti
4/15/2025,Tuesday,April,2025,TRUE,9:15:00,15:30:00,TRADING,
4/16/2025,Wednesday,April,2025,TRUE,9:15:00,15:30:00,TRADING,
4/17/2025,Thursday,April,2025,TRUE,9:15:00,15:30:00,TRADING,
4/18/2025,Friday,April,2025,FALSE,CLOSED,CLOSED,CLOSED,Good Friday
4/19/2025,Saturday,April,2025,FALSE,CLOSED,CLOSED,CLOSED,Weekend
4/20/2025,Sunday,April,2025,FALSE,CLOSED,CLOSED,CLOSED,Weekend
4/21/2025,Monday,April,2025,TRUE,9:15:00,15:30:00,TRADING,
4/22/2025,Tuesday,April,2025,TRUE,9:15:00,15:30:00,TRADING,
4/23/2025,Wednesday,April,2025,TRUE,9:15:00,15:30:00,TRADING,
4/24/2025,Thursday,April,2025,TRUE,9:15:00,15:30:00,TRADING,
4/25/2025,Friday,April,2025,TRUE,9:15:00,15:30:00,TRADING,
4/26/2025,Saturday,April,2025,FALSE,CLOSED,CLOSED,CLOSED,Weekend
4/27/2025,Sunday,April,2025,FALSE,CLOSED,CLOSED,CLOSED,Weekend
4/28/2025,Monday,April,2025,TRUE,9:15:00,15:30:00,TRADING,
4/29/2025,Tuesday,April,2025,TRUE,9:15:00,15:30:00,TRADING,
4/30/2025,Wednesday,April,2025,TRUE,9:15:00,15:30:00,TRADING,
5/1/2025,Thursday,May,2025,FALSE,CLOSED,CLOSED,CLOSED,Maharashtra Day
5/2/2025,Friday,May,2025,TRUE,9:15:00,15:30:00,TRADING,
5/3/2025,Saturday,May,2025,FALSE,CLOSED,CLOSED,CLOSED,Weekend
5/4/2025,Sunday,May,2025,FALSE,CLOSED,CLOSED,CLOSED,Weekend
5/5/2025,Monday,May,2025,TRUE,9:15:00,15:30:00,TRADING,
5/6/2025,Tuesday,May,2025,TRUE,9:15:00,15:30:00,TRADING,
5/7/2025,Wednesday,May,2025,TRUE,9:15:00,15:30:00,TRADING,
5/8/2025,Thursday,May,2025,TRUE,9:15:00,15:30:00,TRADING,
5/9/2025,Friday,May,2025,TRUE,9:15:00,15:30:00,TRADING,
5/10/2025,Saturday,May,2025,FALSE,CLOSED,CLOSED,CLOSED,Weekend
5/11/2025,Sunday,May,2025,FALSE,CLOSED,CLOSED,CLOSED,Weekend
5/12/2025,Monday,May,2025,TRUE,9:15:00,15:30:00,TRADING,
5/13/2025,Tuesday,May,2025,TRUE,9:15:00,15:30:00,TRADING,
5/14/2025,Wednesday,May,2025,TRUE,9:15:00,15:30:00,TRADING,
5/15/2025,Thursday,May,2025,TRUE,9:15:00,15:30:00,TRADING,
5/16/2025,Friday,May,2025,TRUE,9:15:00,15:30:00,TRADING,
5/17/2025,Saturday,May,2025,FALSE,CLOSED,CLOSED,CLOSED,Weekend
5/18/2025,Sunday,May,2025,FALSE,CLOSED,CLOSED,CLOSED,Weekend
5/19/2025,Monday,May,2025,TRUE,9:15:00,15:30:00,TRADING,
5/20/2025,Tuesday,May,2025,TRUE,9:15:00,15:30:00,TRADING,
5/21/2025,Wednesday,May,2025,TRUE,9:15:00,15:30:00,TRADING,
5/22/2025,Thursday,May,2025,TRUE,9:15:00,15:30:00,TRADING,
5/23/2025,Friday,May,2025,TRUE,9:15:00,15:30:00,TRADING,
5/24/2025,Saturday,May,2025,FALSE,CLOSED,CLOSED,CLOSED,Weekend
5/25/2025,Sunday,May,2025,FALSE,CLOSED,CLOSED,CLOSED,Weekend
5/26/2025,Monday,May,2025,TRUE,9:15:00,15:30:00,TRADING,
5/27/2025,Tuesday,May,2025,TRUE,9:15:00,15:30:00,TRADING,
5/28/2025,Wednesday,May,2025,TRUE,9:15:00,15:30:00,TRADING,
5/29/2025,Thursday,May,2025,TRUE,9:15:00,15:30:00,TRADING,
5/30/2025,Friday,May,2025,TRUE,9:15:00,15:30:00,TRADING,
5/31/2025,Saturday,May,2025,FALSE,CLOSED,CLOSED,CLOSED,Weekend
6/1/2025,Sunday,June,2025,FALSE,CLOSED,CLOSED,CLOSED,Weekend
6/2/2025,Monday,June,2025,TRUE,9:15:00,15:30:00,TRADING,
6/3/2025,Tuesday,June,2025,TRUE,9:15:00,15:30:00,TRADING,
6/4/2025,Wednesday,June,2025,TRUE,9:15:00,15:30:00,TRADING,
6/5/2025,Thursday,June,2025,TRUE,9:15:00,15:30:00,TRADING,
6/6/2025,Friday,June,2025,TRUE,9:15:00,15:30:00,TRADING,
6/7/2025,Saturday,June,2025,FALSE,CLOSED,CLOSED,CLOSED,Weekend
6/8/2025,Sunday,June,2025,FALSE,CLOSED,CLOSED,CLOSED,Weekend
6/9/2025,Monday,June,2025,TRUE,9:15:00,15:30:00,TRADING,
6/10/2025,Tuesday,June,2025,TRUE,9:15:00,15:30:00,TRADING,
6/11/2025,Wednesday,June,2025,TRUE,9:15:00,15:30:00,TRADING,
6/12/2025,Thursday,June,2025,TRUE,9:15:00,15:30:00,TRADING,
6/13/2025,Friday,June,2025,TRUE,9:15:00,15:30:00,TRADING,
6/14/2025,Saturday,June,2025,FALSE,CLOSED,CLOSED,CLOSED,Weekend
6/15/2025,Sunday,June,2025,FALSE,CLOSED,CLOSED,CLOSED,Weekend
6/16/2025,Monday,June,2025,TRUE,9:15:00,15:30:00,TRADING,
6/17/2025,Tuesday,June,2025,TRUE,9:15:00,15:30:00,TRADING,
6/18/2025,Wednesday,June,2025,TRUE,9:15:00,15:30:00,TRADING,
6/19/2025,Thursday,June,2025,TRUE,9:15:00,15:30:00,TRADING,
6/20/2025,Friday,June,2025,TRUE,9:15:00,15:30:00,TRADING,
6/21/2025,Saturday,June,2025,FALSE,CLOSED,CLOSED,CLOSED,Weekend
6/22/2025,Sunday,June,2025,FALSE,CLOSED,CLOSED,CLOSED,Weekend
6/23/2025,Monday,June,2025,TRUE,9:15:00,15:30:00,TRADING,
6/24/2025,Tuesday,June,2025,TRUE,9:15:00,15:30:00,TRADING,
6/25/2025,Wednesday,June,2025,TRUE,9:15:00,15:30:00,TRADING,
6/26/2025,Thursday,June,2025,TRUE,9:15:00,15:30:00,TRADING,
6/27/2025,Friday,June,2025,TRUE,9:15:00,15:30:00,TRADING,
6/28/2025,Saturday,June,2025,FALSE,CLOSED,CLOSED,CLOSED,Weekend
6/29/2025,Sunday,June,2025,FALSE,CLOSED,CLOSED,CLOSED,Weekend
6/30/2025,Monday,June,2025,TRUE,9:15:00,15:30:00,TRADING,
7/1/2025,Tuesday,July,2025,TRUE,9:15:00,15:30:00,TRADING,
7/2/2025,Wednesday,July,2025,TRUE,9:15:00,15:30:00,TRADING,
7/3/2025,Thursday,July,2025,TRUE,9:15:00,15:30:00,TRADING,
7/4/2025,Friday,July,2025,TRUE,9:15:00,15:30:00,TRADING,
7/5/2025,Saturday,July,2025,FALSE,CLOSED,CLOSED,CLOSED,Weekend
7/6/2025,Sunday,July,2025,FALSE,CLOSED,CLOSED,CLOSED,Weekend
7/7/2025,Monday,July,2025,TRUE,9:15:00,15:30:00,TRADING,
7/8/2025,Tuesday,July,2025,TRUE,9:15:00,15:30:00,TRADING,
7/9/2025,Wednesday,July,2025,TRUE,9:15:00,15:30:00,TRADING,
7/10/2025,Thursday,July,2025,TRUE,9:15:00,15:30:00,TRADING,
7/11/2025,Friday,July,2025,TRUE,9:15:00,15:30:00,TRADING,
7/12/2025,Saturday,July,2025,FALSE,CLOSED,CLOSED,CLOSED,Weekend
7/13/2025,Sunday,July,2025,FALSE,CLOSED,CLOSED,CLOSED,Weekend
7/14/2025,Monday,July,2025,TRUE,9:15:00,15:30:00,TRADING,
7/15/2025,Tuesday,July,2025,TRUE,9:15:00,15:30:00,TRADING,
7/16/2025,Wednesday,July,2025,TRUE,9:15:00,15:30:00,TRADING,
7/17/2025,Thursday,July,2025,TRUE,9:15:00,15:30:00,TRADING,
7/18/2025,Friday,July,2025,TRUE,9:15:00,15:30:00,TRADING,
7/19/2025,Saturday,July,2025,FALSE,CLOSED,CLOSED,CLOSED,Weekend
7/20/2025,Sunday,July,2025,FALSE,CLOSED,CLOSED,CLOSED,Weekend
7/21/2025,Monday,July,2025,TRUE,9:15:00,15:30:00,TRADING,
7/22/2025,Tuesday,July,2025,TRUE,9:15:00,15:30:00,TRADING,
7/23/2025,Wednesday,July,2025,TRUE,9:15:00,15:30:00,TRADING,
7/24/2025,Thursday,July,2025,TRUE,9:15:00,15:30:00,TRADING,
7/25/2025,Friday,July,2025,TRUE,9:15:00,15:30:00,TRADING,
7/26/2025,Saturday,July,2025,FALSE,CLOSED,CLOSED,CLOSED,Weekend
7/27/2025,Sunday,July,2025,FALSE,CLOSED,CLOSED,CLOSED,Weekend
7/28/2025,Monday,July,2025,TRUE,9:15:00,15:30:00,TRADING,
7/29/2025,Tuesday,July,2025,TRUE,9:15:00,15:30:00,TRADING,
7/30/2025,Wednesday,July,2025,TRUE,9:15:00,15:30:00,TRADING,
7/31/2025,Thursday,July,2025,TRUE,9:15:00,15:30:00,TRADING,
8/1/2025,Friday,August,2025,TRUE,9:15:00,15:30:00,TRADING,
8/2/2025,Saturday,August,2025,FALSE,CLOSED,CLOSED,CLOSED,Weekend
8/3/2025,Sunday,August,2025,FALSE,CLOSED,CLOSED,CLOSED,Weekend
8/4/2025,Monday,August,2025,TRUE,9:15:00,15:30:00,TRADING,
8/5/2025,Tuesday,August,2025,TRUE,9:15:00,15:30:00,TRADING,
8/6/2025,Wednesday,August,2025,TRUE,9:15:00,15:30:00,TRADING,
8/7/2025,Thursday,August,2025,TRUE,9:15:00,15:30:00,TRADING,
8/8/2025,Friday,August,2025,TRUE,9:15:00,15:30:00,TRADING,
8/9/2025,Saturday,August,2025,FALSE,CLOSED,CLOSED,CLOSED,Weekend
8/10/2025,Sunday,August,2025,FALSE,CLOSED,CLOSED,CLOSED,Weekend
8/11/2025,Monday,August,2025,TRUE,9:15:00,15:30:00,TRADING,
8/12/2025,Tuesday,August,2025,TRUE,9:15:00,15:30:00,TRADING,
8/13/2025,Wednesday,August,2025,TRUE,9:15:00,15:30:00,TRADING,
8/14/2025,Thursday,August,2025,TRUE,9:15:00,15:30:00,TRADING,
8/15/2025,Friday,August,2025,FALSE,CLOSED,CLOSED,CLOSED,Independence Day
8/16/2025,Saturday,August,2025,FALSE,CLOSED,CLOSED,CLOSED,Weekend
8/17/2025,Sunday,August,2025,FALSE,CLOSED,CLOSED,CLOSED,Weekend
8/18/2025,Monday,August,2025,TRUE,9:15:00,15:30:00,TRADING,
8/19/2025,Tuesday,August,2025,TRUE,9:15:00,15:30:00,TRADING,
8/20/2025,Wednesday,August,2025,TRUE,9:15:00,15:30:00,TRADING,
8/21/2025,Thursday,August,2025,TRUE,9:15:00,15:30:00,TRADING,
8/22/2025,Friday,August,2025,TRUE,9:15:00,15:30:00,TRADING,
8/23/2025,Saturday,August,2025,FALSE,CLOSED,CLOSED,CLOSED,Weekend
8/24/2025,Sunday,August,2025,FALSE,CLOSED,CLOSED,CLOSED,Weekend
8/25/2025,Monday,August,2025,TRUE,9:15:00,15:30:00,TRADING,
8/26/2025,Tuesday,August,2025,TRUE,9:15:00,15:30:00,TRADING,
8/27/2025,Wednesday,August,2025,FALSE,CLOSED,CLOSED,CLOSED,Ganesh Chaturthi
8/28/2025,Thursday,August,2025,TRUE,9:15:00,15:30:00,TRADING,
8/29/2025,Friday,August,2025,TRUE,9:15:00,15:30:00,TRADING,
8/30/2025,Saturday,August,2025,FALSE,CLOSED,CLOSED,CLOSED,Weekend
8/31/2025,Sunday,August,2025,2025,FALSE,CLOSED,CLOSED,Weekend
9/1/2025,Monday,September,2025,TRUE,9:15:00,15:30:00,TRADING,
9/2/2025,Tuesday,September,2025,TRUE,9:15:00,15:30:00,TRADING,
9/3/2025,Wednesday,September,2025,TRUE,9:15:00,15:30:00,TRADING,
9/4/2025,Thursday,September,2025,TRUE,9:15:00,15:30:00,TRADING,
9/5/2025,Friday,September,2025,TRUE,9:15:00,15:30:00,TRADING,
9/6/2025,Saturday,September,2025,2025,FALSE,CLOSED,CLOSED,Weekend
9/7/2025,Sunday,September,2025,2025,FALSE,CLOSED,CLOSED,Weekend
9/8/2025,Monday,September,2025,TRUE,9:15:00,15:30:00,TRADING,
9/9/2025,Tuesday,September,2025,TRUE,9:15:00,15:30:00,TRADING,
9/10/2025,Wednesday,September,2025,TRUE,9:15:00,15:30:00,TRADING,
9/11/2025,Thursday,September,2025,TRUE,9:15:00,15:30:00,TRADING,
9/12/2025,Friday,September,2025,TRUE,9:15:00,15:30:00,TRADING,
9/13/2025,Saturday,September,2025,2025,FALSE,CLOSED,CLOSED,Weekend
9/14/2025,Sunday,September,2025,2025,FALSE,CLOSED,CLOSED,Weekend
9/15/2025,Monday,September,2025,TRUE,9:15:00,15:30:00,TRADING,
9/16/2025,Tuesday,September,2025,TRUE,9:15:00,15:30:00,TRADING,
9/17/2025,Wednesday,September,2025,TRUE,9:15:00,15:30:00,TRADING,
9/18/2025,Thursday,September,2025,TRUE,9:15:00,15:30:00,TRADING,
9/19/2025,Friday,September,2025,TRUE,9:15:00,15:30:00,TRADING,
9/20/2025,Saturday,September,2025,2025,FALSE,CLOSED,CLOSED,Weekend
9/21/2025,Sunday,September,2025,2025,FALSE,CLOSED,CLOSED,Weekend
9/22/2025,Monday,September,2025,TRUE,9:15:00,15:30:00,TRADING,
9/23/2025,Tuesday,September,2025,TRUE,9:15:00,15:30:00,TRADING,
9/24/2025,Wednesday,September,2025,TRUE,9:15:00,15:30:00,TRADING,
9/25/2025,Thursday,September,2025,TRUE,9:15:00,15:30:00,TRADING,
9/26/2025,Friday,September,2025,TRUE,9:15:00,15:30:00,TRADING,
9/27/2025,Saturday,September,2025,2025,FALSE,CLOSED,CLOSED,Weekend
9/28/2025,Sunday,September,2025,2025,FALSE,CLOSED,CLOSED,Weekend
9/29/2025,Monday,September,2025,TRUE,9:15:00,15:30:00,TRADING,
9/30/2025,Tuesday,September,2025,TRUE,9:15:00,15:30:00,TRADING,
10/1/2025,Wednesday,October,2025,TRUE,9:15:00,15:30:00,TRADING,
10/2/2025,Thursday,October,2025,FALSE,CLOSED,CLOSED,CLOSED,Mahatma Gandhi Jayanti/Dussehra
10/3/2025,Friday,October,2025,TRUE,9:15:00,15:30:00,TRADING,
10/4/2025,Saturday,October,2025,2025,FALSE,CLOSED,CLOSED,Weekend
10/5/2025,Sunday,October,2025,2025,FALSE,CLOSED,CLOSED,Weekend
10/6/2025,Monday,October,2025,TRUE,9:15:00,15:30:00,TRADING,
10/7/2025,Tuesday,October,2025,TRUE,9:15:00,15:30:00,TRADING,
10/8/2025,Wednesday,October,2025,TRUE,9:15:00,15:30:00,TRADING,
10/9/2025,Thursday,October,2025,TRUE,9:15:00,15:30:00,TRADING,
10/10/2025,Friday,October,2025,TRUE,9:15:00,15:30:00,TRADING,
10/11/2025,Saturday,October,2025,2025,FALSE,CLOSED,CLOSED,Weekend
10/12/2025,Sunday,October,2025,2025,FALSE,CLOSED,CLOSED,Weekend
10/13/2025,Monday,October,2025,TRUE,9:15:00,15:30:00,TRADING,
10/14/2025,Tuesday,October,2025,TRUE,9:15:00,15:30:00,TRADING,
10/15/2025,Wednesday,October,2025,TRUE,9:15:00,15:30:00,TRADING,
10/16/2025,Thursday,October,2025,TRUE,9:15:00,15:30:00,TRADING,
10/17/2025,Friday,October,2025,TRUE,9:15:00,15:30:00,TRADING,
10/18/2025,Saturday,October,2025,2025,FALSE,CLOSED,CLOSED,Weekend
10/19/2025,Sunday,October,2025,2025,FALSE,CLOSED,CLOSED,Weekend
10/20/2025,Monday,October,2025,TRUE,9:15:00,15:30:00,TRADING,
10/21/2025,Tuesday,October,2025,FALSE,CLOSED,CLOSED,CLOSED,Diwali Laxmi Pujan*
10/22/2025,Wednesday,October,2025,FALSE,CLOSED,CLOSED,CLOSED,Diwali-Balipratipada
10/23/2025,Thursday,October,2025,TRUE,9:15:00,15:30:00,TRADING,
10/24/2025,Friday,October,2025,TRUE,9:15:00,15:30:00,TRADING,
10/25/2025,Saturday,October,2025,2025,FALSE,CLOSED,CLOSED,Weekend
10/26/2025,Sunday,October,2025,2025,FALSE,CLOSED,CLOSED,Weekend
10/27/2025,Monday,October,2025,TRUE,9:15:00,15:30:00,TRADING,
10/28/2025,Tuesday,October,2025,TRUE,9:15:00,15:30:00,TRADING,
10/29/2025,Wednesday,October,2025,TRUE,9:15:00,15:30:00,TRADING,
10/30/2025,Thursday,October,2025,TRUE,9:15:00,15:30:00,TRADING,
10/31/2025,Friday,October,2025,TRUE,9:15:00,15:30:00,TRADING,
11/1/2025,Saturday,November,2025,2025,FALSE,CLOSED,CLOSED,Weekend
11/2/2025,Sunday,November,2025,2025,FALSE,CLOSED,CLOSED,Weekend
11/3/2025,Monday,November,2025,TRUE,9:15:00,15:30:00,TRADING,
11/4/2025,Tuesday,November,2025,TRUE,9:15:00,15:30:00,TRADING,
11/5/2025,Wednesday,November,2025,FALSE,CLOSED,CLOSED,CLOSED,Prakash Gurpurb Sri Guru Nanak Dev
11/6/2025,Thursday,November,2025,TRUE,9:15:00,15:30:00,TRADING,
11/7/2025,Friday,November,2025,TRUE,9:15:00,15:30:00,TRADING,
11/8/2025,Saturday,November,2025,2025,FALSE,CLOSED,CLOSED,Weekend
11/9/2025,Sunday,November,2025,2025,FALSE,CLOSED,CLOSED,Weekend
11/10/2025,Monday,November,2025,TRUE,9:15:00,15:30:00,TRADING,
11/11/2025,Tuesday,November,2025,TRUE,9:15:00,15:30:00,TRADING,
11/12/2025,Wednesday,November,2025,TRUE,9:15:00,15:30:00,TRADING,
11/13/2025,Thursday,November,2025,TRUE,9:15:00,15:30:00,TRADING,
11/14/2025,Friday,November,2025,TRUE,9:15:00,15:30:00,TRADING,
11/15/2025,Saturday,November,2025,2025,FALSE,CLOSED,CLOSED,Weekend
11/16/2025,Sunday,November,2025,2025,FALSE,CLOSED,CLOSED,Weekend
11/17/2025,Monday,November,2025,TRUE,9:15:00,15:30:00,TRADING,
11/18/2025,Tuesday,November,2025,TRUE,9:15:00,15:30:00,TRADING,
11/19/2025,Wednesday,November,2025,TRUE,9:15:00,15:30:00,TRADING,
11/20/2025,Thursday,November,2025,TRUE,9:15:00,15:30:00,TRADING,
11/21/2025,Friday,November,2025,TRUE,9:15:00,15:30:00,TRADING,
11/22/2025,Saturday,November,2025,2025,FALSE,CLOSED,CLOSED,Weekend
11/23/2025,Sunday,November,2025,2025,FALSE,CLOSED,CLOSED,Weekend
11/24/2025,Monday,November,2025,TRUE,9:15:00,15:30:00,TRADING,
11/25/2025,Tuesday,November,2025,TRUE,9:15:00,15:30:00,TRADING,
11/26/2025,Wednesday,November,2025,TRUE,9:15:00,15:30:00,TRADING,
11/27/2025,Thursday,November,2025,TRUE,9:15:00,15:30:00,TRADING,
11/28/2025,Friday,November,2025,TRUE,9:15:00,15:30:00,TRADING,
11/29/2025,Saturday,November,2025,2025,FALSE,CLOSED,CLOSED,Weekend
11/30/2025,Sunday,November,2025,2025,FALSE,CLOSED,CLOSED,Weekend
12/1/2025,Monday,December,2025,TRUE,9:15:00,15:30:00,TRADING,
12/2/2025,Tuesday,December,2025,TRUE,9:15:00,15:30:00,TRADING,
12/3/2025,Wednesday,December,2025,TRUE,9:15:00,15:30:00,TRADING,
12/4/2025,Thursday,December,2025,TRUE,9:15:00,15:30:00,TRADING,
12/5/2025,Friday,December,2025,TRUE,9:15:00,15:30:00,TRADING,
12/6/2025,Saturday,December,2025,2025,FALSE,CLOSED,CLOSED,Weekend
12/7/2025,Sunday,December,2025,2025,FALSE,CLOSED,CLOSED,Weekend
12/8/2025,Monday,December,2025,TRUE,9:15:00,15:30:00,TRADING,
12/9/2025,Tuesday,December,2025,TRUE,9:15:00,15:30:00,TRADING,
12/10/2025,Wednesday,December,2025,TRUE,9:15:00,15:30:00,TRADING,
12/11/2025,Thursday,December,2025,TRUE,9:15:00,15:30:00,TRADING,
12/12/2025,Friday,December,2025,TRUE,9:15:00,15:30:00,TRADING,
12/13/2025,Saturday,December,2025,2025,FALSE,CLOSED,CLOSED,Weekend
12/14/2025,Sunday,December,2025,2025,FALSE,CLOSED,CLOSED,Weekend
12/15/2025,Monday,December,2025,TRUE,9:15:00,15:30:00,TRADING,
12/16/2025,Tuesday,December,2025,TRUE,9:15:00,15:30:00,TRADING,
12/17/2025,Wednesday,December,2025,TRUE,9:15:00,15:30:00,TRADING,
12/18/2025,Thursday,December,2025,TRUE,9:15:00,15:30:00,TRADING,
12/19/2025,Friday,December,2025,TRUE,9:15:00,15:30:00,TRADING,
12/20/2025,Saturday,December,2025,2025,FALSE,CLOSED,CLOSED,Weekend
12/21/2025,Sunday,December,2025,2025,FALSE,CLOSED,CLOSED,Weekend
12/22/2025,Monday,December,2025,TRUE,9:15:00,15:30:00,TRADING,
12/23/2025,Tuesday,December,2025,TRUE,9:15:00,15:30:00,TRADING,
12/24/2025,Wednesday,December,2025,TRUE,9:15:00,15:30:00,TRADING,
12/25/2025,Thursday,December,2025,FALSE,CLOSED,CLOSED,CLOSED,Christmas
12/26/2025,Friday,December,2025,TRUE,9:15:00,15:30:00,TRADING,
12/27/2025,Saturday,December,2025,2025,FALSE,CLOSED,CLOSED,Weekend
12/28/2025,Sunday,December,2025,2025,FALSE,CLOSED,CLOSED,Weekend
12/29/2025,Monday,December,2025,TRUE,9:15:00,15:30:00,TRADING,
12/30/2025,Tuesday,December,2025,TRUE,9:15:00,15:30:00,TRADING,
12/31/2025,Wednesday,December,2025,TRUE,9:15:00,15:30:00,TRADING,
